,RandomForest,XGBoost,CatBoost
L8_NDMI_m01,0.0003957878480871402,0.0,0.0
L8_NDMI_m02,0.0003430284354104552,0.0,0.0
L8_NDMI_m03,0.00023263772696449438,5.3680025e-05,0.014063079554727964
L8_NDMI_m04,0.0015448548519817718,0.0009792717,0.44228958922453876
L8_NDMI_m05,0.00027267999795636187,0.0,0.0
L8_NDMI_m06,0.0021741279999632547,0.00083308236,0.0
L8_NDMI_m07,0.027281594746463713,0.015300209,3.1160464630059614
L8_NDMI_m08,0.011788787715509652,0.0010926198,0.23217161773239328
L8_NDMI_m09,0.03196580628659827,0.05614073,1.434400684970089
L8_NDMI_m10,0.00019806019216422871,0.0,0.0
L8_NDMI_m11,0.000304873587149181,0.0,0.0
L8_NDMI_m12,0.00043110693297533013,0.0,0.01732707406879444
L8_NDVI_m01,0.0007340321423963235,0.00072150305,0.07772214454585968
L8_NDVI_m02,0.0001845882394087594,0.0,0.0
L8_NDVI_m03,0.0014134692704842109,0.0,0.0
L8_NDVI_m04,0.0155302265331746,0.014309053,1.5011875313976322
L8_NDVI_m05,0.007262830124105047,0.0026406182,0.14057497895880963
L8_NDVI_m06,0.001011435772026667,0.0040616076,0.0
L8_NDVI_m07,0.016345784355576515,0.004448782,1.3954493078422168
L8_NDVI_m08,0.0036349216653102485,0.00352789,0.09028733730525171
L8_NDVI_m09,0.030897922021867814,0.16172302,1.5782685279832007
L8_NDVI_m10,0.00037750120859225813,0.0,0.005099199243718056
L8_NDVI_m11,0.000697381981409665,0.00079954666,0.2041354246571696
L8_NDVI_m12,0.0005912981317607809,0.0,0.0
L8_NDWI_m01,0.0009050455427249999,0.0010569104,0.5788471281383427
L8_NDWI_m02,0.00022942607097322734,0.0,0.0
L8_NDWI_m03,0.001580065197037062,0.0,0.15980311351362084
L8_NDWI_m04,0.01384823928682679,0.013379915,2.6449388485092244
L8_NDWI_m05,0.007404878459165668,0.0,0.07237946101818382
L8_NDWI_m06,0.0010092695259074824,0.0,0.10651076099145647
L8_NDWI_m07,0.014013954270454664,0.022799179,0.42388690959702
L8_NDWI_m08,0.0084756334425173,4.3494103e-05,0.01517332841465516
L8_NDWI_m09,0.030339556940070837,0.1377563,0.7721071746326315
L8_NDWI_m10,0.00030437392128671823,0.0013675723,0.007938319339215072
L8_NDWI_m11,0.0007394523091617174,0.0,0.0
L8_NDWI_m12,0.0004685519809924909,0.0,0.06396329287157027
L8_SR_B2_m01,9.568773347192548e-05,0.0,0.0
L8_SR_B2_m02,0.0003662329317789336,0.0015773331,0.0
L8_SR_B2_m03,0.00042195880124203203,0.00018996019,0.07177372239210042
L8_SR_B2_m04,0.002318126641840944,0.0,0.4270680487760899
L8_SR_B2_m05,0.0005436155941084125,0.002793318,0.028025387344020773
L8_SR_B2_m06,0.0010142045306031037,0.00050705986,0.07327712061149107
L8_SR_B2_m07,0.003099232670512312,0.0011290027,0.31873447523452303
L8_SR_B2_m08,0.007409030633660715,0.0046393448,0.7340640292454514
L8_SR_B2_m09,0.012574620582571739,0.0,0.03752399700921548
L8_SR_B2_m10,0.00012747563088195813,0.00036173302,0.0
L8_SR_B2_m11,0.0005116808322834188,0.0,0.9985637738903703
L8_SR_B2_m12,0.0005941497566964873,0.00034842687,0.16852027905197772
L8_SR_B3_m01,0.0006907621707774017,0.0,0.06992475134628275
L8_SR_B3_m02,0.0017330094158202838,0.0052772197,0.0
L8_SR_B3_m03,0.0010877965124925836,0.015616332,0.07428464687998926
L8_SR_B3_m04,0.001051391209148687,0.007890758,0.02035496619964592
L8_SR_B3_m05,0.0007953409632396889,0.0,0.0
L8_SR_B3_m06,0.0005029374872105234,0.0010168119,0.14880701821666678
L8_SR_B3_m07,0.0006535545292910373,0.0,0.0
L8_SR_B3_m08,0.0002482906245791131,0.0,0.0
L8_SR_B3_m09,0.000280311013542484,0.0,0.1034038183726313
L8_SR_B3_m10,0.00021828567686683773,0.0011951185,0.0
L8_SR_B3_m11,0.0009362334001874853,0.0012727332,0.0
L8_SR_B3_m12,0.0005771280842506856,0.00087673444,0.06514657858225723
L8_SR_B4_m01,0.000201756839748155,0.0,0.1961229262598932
L8_SR_B4_m02,0.0004889544388490547,0.0018440214,0.444050461255782
L8_SR_B4_m03,0.0013368708283114329,0.0,0.0
L8_SR_B4_m04,0.005342198941844578,0.0,0.01045082763087668
L8_SR_B4_m05,0.0009394414034123517,0.0009931305,0.2050811750045743
L8_SR_B4_m06,0.0003451680567106824,0.0,0.0
L8_SR_B4_m07,0.0016063100092256807,0.0014252485,0.16399038694428358
L8_SR_B4_m08,0.0013163443037198194,0.0009498828,0.8146601352684909
L8_SR_B4_m09,0.011311610368590345,0.0,0.0
L8_SR_B4_m10,0.00041291577862282087,0.0,0.08729369721250244
L8_SR_B4_m11,0.00022808850115516022,0.0,0.0
L8_SR_B4_m12,0.000264765718137431,0.0,0.030513643279287257
L8_SR_B5_m01,0.00044388073303813335,0.0,0.0
L8_SR_B5_m02,0.0006276015832323568,0.00057489297,0.1631464558743998
L8_SR_B5_m03,0.00036480385005614437,0.0016856287,0.02161141207293504
L8_SR_B5_m04,0.00044685481689716065,0.0,0.112031977495527
L8_SR_B5_m05,0.0004190092235459922,0.0014095429,1.0272017987933917
L8_SR_B5_m06,0.0012343285664400956,0.0018548233,0.13122126257386268
L8_SR_B5_m07,0.00658316348149344,0.0011410452,0.0
L8_SR_B5_m08,0.0013020226175126234,0.0,0.11047959126486959
L8_SR_B5_m09,0.02027243243034317,0.034630742,3.7955917990909542
L8_SR_B5_m10,0.00045086771163203095,0.0009796796,0.02843998959022434
L8_SR_B5_m11,0.00029145134569033055,0.0013018034,0.0
L8_SR_B5_m12,0.0001714640310591596,0.0021722512,0.09067850986198871
L8_SR_B6_m01,0.0002105127157460375,0.0,0.01855605942484643
L8_SR_B6_m02,0.0007373829482590575,0.0,0.0
L8_SR_B6_m03,0.001578861763604558,0.0020861696,0.008125159507936444
L8_SR_B6_m04,0.0016388163643025427,0.0,0.0749923239716684
L8_SR_B6_m05,0.0013881143246113207,0.0,0.23329841137110732
L8_SR_B6_m06,0.0004212759256372734,0.00044787404,0.04177447534412367
L8_SR_B6_m07,0.00025244368187940096,0.0014188229,0.5930014308410712
L8_SR_B6_m08,0.00016159319305991416,0.0,0.5357772433978711
L8_SR_B6_m09,0.00023830755124287534,0.008160566,0.01345223604368457
L8_SR_B6_m10,0.0005319668214150638,0.00094308495,0.0
L8_SR_B6_m11,6.956821498782814e-05,0.00032427968,0.07101794239961964
L8_SR_B6_m12,0.0005277506306520321,0.0030158637,0.16327073588237456
L8_SR_B7_m01,0.000519185860396147,0.0,0.0
L8_SR_B7_m02,0.000318995646271898,0.0014096398,0.003250019604650775
L8_SR_B7_m03,0.00031735356767004463,0.0015302924,0.0
L8_SR_B7_m04,0.0005717072343776001,0.0,0.4223780687488052
L8_SR_B7_m05,0.00048678987485649346,0.0,0.046721532638289605
L8_SR_B7_m06,0.000196521521562432,0.0005366621,0.5110751892698305
L8_SR_B7_m07,0.007993712334722305,0.0015215062,0.0452163880927625
L8_SR_B7_m08,0.003570378000322118,3.893579e-05,0.550026332584284
L8_SR_B7_m09,0.008860467180231342,0.0,0.18018772339301212
L8_SR_B7_m10,0.00032163710573163796,0.0012996009,0.19666887211641865
L8_SR_B7_m11,0.0004289521490098488,0.0001384946,0.0
L8_SR_B7_m12,0.00039083969625995104,0.0,0.11824505870406263
L8_ST_B10_m01,0.00040898102300165293,0.0012288913,0.0
L8_ST_B10_m02,0.0002407718457560155,0.0,0.14304580806111916
L8_ST_B10_m03,0.0002493430553124085,0.0015494453,0.39489921518504567
L8_ST_B10_m04,0.0004030681245302517,0.002829718,0.13946560215075238
L8_ST_B10_m05,0.0007893244967488466,0.003136003,0.026528099951387534
L8_ST_B10_m06,0.0012965106370653576,0.0010897896,0.08693940481392376
L8_ST_B10_m07,0.0008272339518555848,0.0015855908,0.020566137275754136
L8_ST_B10_m08,0.0005864229026069996,0.0034070052,0.4451771660523971
L8_ST_B10_m09,0.0010475402591421303,0.0030092602,0.060580350776770646
L8_ST_B10_m10,0.00036137728379516854,0.0012308933,0.0
L8_ST_B10_m11,0.0006211533909438074,0.0012212612,0.3244383225339728
L8_ST_B10_m12,0.0001150749238005295,0.00026424616,0.015530284860596062
S1_VH_m01,0.00014318872405955598,0.0,0.32157426389077726
S1_VH_m02,0.0006778080335956569,0.0035403825,0.624608124107765
S1_VH_m03,0.0004669834945650648,0.0017912984,0.010897484013766286
S1_VH_m04,0.00033891102169704293,0.0004208143,0.2831173320491452
S1_VH_m05,0.0005451246302389142,0.0023154847,0.0
S1_VH_m06,0.0007081039043420449,0.0015348775,0.07571934535547026
S1_VH_m07,0.0017308884862943133,0.00300117,0.8211374740272686
S1_VH_m08,0.00036733406763669315,0.0,0.0
S1_VH_m09,0.0002309880322015942,0.0007664113,0.17719945025811967
S1_VH_m10,0.00030744769756678594,0.00202052,0.8698253891831582
S1_VH_m11,0.00020143589950227925,0.0,0.0
S1_VH_m12,0.0009226463488904445,0.0031426102,0.07261850190302283
S1_VH_minus_VV_m01,0.0008413370216588657,0.00041393813,0.054036333988202206
S1_VH_minus_VV_m02,0.002957704673611699,0.000755992,0.8964434580502686
S1_VH_minus_VV_m03,0.0002845010359279991,0.0025600635,0.4806510653774168
S1_VH_minus_VV_m04,0.00014298308679306404,0.0,0.0
S1_VH_minus_VV_m05,0.00041486516248484746,0.00064279896,0.4424664798668888
S1_VH_minus_VV_m06,0.0008524514717376041,0.00057891035,0.016029724452424874
S1_VH_minus_VV_m07,0.0003939806586676135,0.00061135803,0.10816693924294836
S1_VH_minus_VV_m08,0.0003579204883742839,0.001118443,0.03935784511719598
S1_VH_minus_VV_m09,0.0004073754757608687,0.0005610939,0.7059896046060485
S1_VH_minus_VV_m10,0.00034330806567127507,0.0010087533,0.06464287772283497
S1_VH_minus_VV_m11,0.0003840952179700324,0.00060662645,0.02911439160947042
S1_VH_minus_VV_m12,0.0014013420918605798,0.0014452367,0.10783373219022639
S1_VV_m01,0.00022657196818452058,0.0,0.0
S1_VV_m02,0.0003448858151744421,0.0,0.08459542694422675
S1_VV_m03,0.00022473655121403715,0.00060805393,0.0
S1_VV_m04,0.0011872132460529034,0.0007963936,0.6464015759313565
S1_VV_m05,0.000855096717511052,0.0019763168,0.21338493007641343
S1_VV_m06,0.011123446772619084,0.0026062613,3.6289048830627033
S1_VV_m07,0.0012028129747949329,0.00027940705,0.2216555671563811
S1_VV_m08,0.00034526509267584647,0.00043986738,0.4113270414151556
S1_VV_m09,0.0004810108389531279,0.0003481868,0.0
S1_VV_m10,0.0008619416671317532,0.0016091304,0.00843268379189417
S1_VV_m11,0.0002904459900832027,0.0014364927,0.6246229282073718
S1_VV_m12,0.0003841079919209464,0.0005071724,0.08313908172279073
S2_B11_m01,0.0003844674816169945,0.0,0.6455819673122081
S2_B11_m02,0.0006815280946520098,0.0,0.9947355093208976
S2_B11_m03,0.0016722527485688939,0.0023889265,0.22516289802165018
S2_B11_m04,0.0005938040075673406,0.0,0.07581588964549651
S2_B11_m05,0.0010005109636858586,0.0,0.15153793155947048
S2_B11_m06,0.0005718433479074784,0.0017041193,0.4292232309881212
S2_B11_m07,0.000546701903514464,0.0001973845,0.2858749937067728
S2_B11_m08,0.0010975124277250374,0.0,0.09401893715235966
S2_B11_m09,0.00010465393280886969,0.005516187,0.10388177954528337
S2_B11_m10,0.0006115599108616752,0.0,0.07082497120418843
S2_B11_m11,0.0006239774629818745,0.0015537287,0.11713200239245623
S2_B11_m12,0.00038395996542879703,0.0036463325,0.5277801876070883
S2_B12_m01,0.00034153201781636977,0.0008338871,0.0
S2_B12_m02,0.0006636729769714022,0.0,0.0
S2_B12_m03,0.0002916932626558321,0.0013584312,0.02320784842672266
S2_B12_m04,0.0004363803295332871,0.0003546716,0.0
S2_B12_m05,0.0008903905626319675,0.0,0.0
S2_B12_m06,0.00038600943197443407,0.0,0.03414106595593712
S2_B12_m07,0.003440042553288542,0.0,0.5587713390900932
S2_B12_m08,0.003235687505532428,0.0014136985,0.15017691859777224
S2_B12_m09,0.002658830009623381,0.00033406966,0.08485364988482487
S2_B12_m10,0.0005997369416111156,0.00037054534,0.14542120363679695
S2_B12_m11,0.0008116424431623487,0.0004965434,0.19552002445545588
S2_B12_m12,0.0005364447602631448,0.0018727054,0.01516894550522581
S2_B2_m01,0.00040695853740689347,0.0014656526,0.15488656456326613
S2_B2_m02,0.0003485394188263858,0.0,0.0
S2_B2_m03,0.0011185106241356816,0.0,0.1782114899319929
S2_B2_m04,0.0022375566213248205,0.0022909746,0.9427252342789247
S2_B2_m05,0.002634427048576729,0.0023181057,0.06666998468806186
S2_B2_m06,0.00030507516143668756,0.0009726249,0.0
S2_B2_m07,0.0004058080329450152,0.0,0.12224350096898139
S2_B2_m08,0.00043666935041659205,0.000103839564,0.16083899327040208
S2_B2_m09,0.00030109155587343416,0.00012966424,0.006526014470743551
S2_B2_m10,0.0021519648567751588,0.0,0.6167117672094276
S2_B2_m11,0.0009282083037854534,0.001284378,0.0011328306352126256
S2_B2_m12,0.0017740617953717998,0.0,0.0
S2_B3_m01,0.00042951805877773316,0.0005377234,0.016630536230808013
S2_B3_m02,0.0003006214037887111,0.0,0.14236635669444483
S2_B3_m03,0.0005335654622830876,0.0,0.009804227360988755
S2_B3_m04,0.001967698177501557,0.0,0.3793268068794905
S2_B3_m05,0.0005041898537693099,0.0,0.2441546168393078
S2_B3_m06,0.00014801192700971688,0.0,0.026861968308535742
S2_B3_m07,0.0004323385951048374,0.0002715441,0.0
S2_B3_m08,0.0007818694870148229,0.0,0.0
S2_B3_m09,0.0002622431816364125,0.0,0.37222051252513605
S2_B3_m10,0.0004966842267776001,0.0004504964,0.4392200926642047
S2_B3_m11,0.000685900795399555,0.0016475308,0.0895477345480361
S2_B3_m12,0.0008277482606954874,0.0,0.06803822981891798
S2_B4_m01,0.0007193458925188524,0.0042759744,0.4444133876469305
S2_B4_m02,0.00046187607580842427,0.0,0.6887481212078423
S2_B4_m03,0.0008471868786175223,0.0,0.0
S2_B4_m04,0.002900542215735087,0.002656191,0.7175841246193374
S2_B4_m05,0.0018547175612521286,0.00047796732,0.025834799512713908
S2_B4_m06,0.0005293296135407531,0.0017096713,0.0
S2_B4_m07,0.002634879256518142,0.0,0.2850658653765089
S2_B4_m08,0.0007353590658784961,0.0,0.07639671239856358
S2_B4_m09,0.0006551086831430986,0.0,0.2790007131153463
S2_B4_m10,0.0023649080694804134,0.0028978935,0.30294080412124946
S2_B4_m11,0.0009804367129015313,0.0004316307,0.07625582523130345
S2_B4_m12,0.0005311187827031072,0.00038124368,0.07176451178338544
S2_B5_m01,0.0003073084216026759,0.0,0.05627265045933806
S2_B5_m02,0.0005892336455417629,0.0010087978,0.30501362270015964
S2_B5_m03,0.0007175883410135605,0.0,0.0
S2_B5_m04,0.0025847488686648427,0.00081411516,0.0
S2_B5_m05,0.0018757447258896053,0.0,0.1062377656018635
S2_B5_m06,0.0001859429621213448,0.0005236839,0.0072829728981394035
S2_B5_m07,0.0007669574526795086,0.0002938423,0.35113480511816264
S2_B5_m08,0.00033880049157927397,5.0624923e-05,0.38886538392512227
S2_B5_m09,0.00032593941413860283,0.0020314066,0.013807536227957204
S2_B5_m10,0.0002701496672780883,0.00019229733,0.20090359419600187
S2_B5_m11,0.00036771921964289645,0.0,0.07545106792844664
S2_B5_m12,0.00030868147793050035,0.0011033032,0.4921529548508978
S2_B6_m01,0.0005731406350869591,0.0,0.0
S2_B6_m02,0.00010645781832259705,5.853806e-06,0.0
S2_B6_m03,0.0004968840382274165,0.00021708898,0.3404784810601471
S2_B6_m04,0.0003502526849465241,0.0,0.0
S2_B6_m05,0.0008152489414125574,0.0023514922,0.0
S2_B6_m06,0.0008422424961169962,0.00021498547,0.30331471567652735
S2_B6_m07,0.0027912363522587524,0.0015757171,0.0945683890873896
S2_B6_m08,0.0005329418365904383,0.00084300496,0.008671611876434582
S2_B6_m09,0.0018125743191023313,0.001423508,0.581116545556793
S2_B6_m10,0.0016603970909544814,0.0026314561,0.06514432958991037
S2_B6_m11,0.00040297623417197433,0.0,0.416839776267753
S2_B6_m12,0.000299543531644585,0.0,0.16752562386297187
S2_B7_m01,0.0005501134769857134,0.0007126623,0.02917224000638978
S2_B7_m02,0.00022773826073005664,0.00016083186,0.0
S2_B7_m03,0.00026681595289912137,0.0,0.02107648400314595
S2_B7_m04,8.3167728198228e-05,0.0038873511,0.0
S2_B7_m05,0.0004564411780560538,0.0024982924,0.065348701780589
S2_B7_m06,0.0022079275473364346,0.00035429202,0.09913622678832439
S2_B7_m07,0.004696780383809294,0.0,0.08484155896564902
S2_B7_m08,0.000594545578859665,0.0,0.0
S2_B7_m09,0.011838122608154228,0.0012355233,0.5688560149933498
S2_B7_m10,0.0016031044206760757,0.003298542,0.009663992953720557
S2_B7_m11,0.0003288558484063352,0.0,0.007599216494962598
S2_B7_m12,0.0003903189209134502,0.00038453846,0.22834153765319373
S2_B8A_m01,0.0004388868374687055,0.00074190524,0.017305385078590658
S2_B8A_m02,0.0006211120131195872,0.00057036255,0.0
S2_B8A_m03,0.0003509455497608832,0.0017021701,0.06324342924954982
S2_B8A_m04,0.0001493647796651046,0.0,0.06777889795190559
S2_B8A_m05,0.0004804250360926051,0.003870102,0.0
S2_B8A_m06,0.001972625482324588,0.00013082256,0.35863518550732854
S2_B8A_m07,0.0038803212222456103,0.00033342434,0.2667453245333531
S2_B8A_m08,0.0016848975513772734,6.7660294e-05,0.0
S2_B8A_m09,0.01062576921759124,0.0,0.31635759895642196
S2_B8A_m10,0.0032361058555214674,0.0017712419,0.542130362367728
S2_B8A_m11,0.00021403166154021537,0.0,0.045051252487894995
S2_B8A_m12,0.00026106517943063734,0.0,0.0
S2_B8_m01,0.0003379515138826476,0.0,0.3654669718720675
S2_B8_m02,0.00045949027470361826,0.0,0.0
S2_B8_m03,0.00033197450150508693,0.0038749222,0.014835494599155306
S2_B8_m04,0.0001761853542724875,0.00034167018,0.07618692581832762
S2_B8_m05,0.0006586578268374232,0.0019629363,0.09120779883458953
S2_B8_m06,0.0014438442433892967,0.0,0.24886692141745803
S2_B8_m07,0.001618544462507579,0.0,0.49056451734536327
S2_B8_m08,0.0006660736444236213,9.956059e-05,0.0
S2_B8_m09,0.006929237522655508,0.0,0.12001113537777679
S2_B8_m10,0.0019363329884550975,0.0032046346,1.3335106516836515
S2_B8_m11,0.0002482059008329196,0.0,0.0008537360068807706
S2_B8_m12,0.0003423302828941084,0.0,0.0
S2_EVI_m01,0.0012060062842806868,0.002378771,0.832885794644972
S2_EVI_m02,0.0005583543742897316,0.00056765776,0.0
S2_EVI_m03,0.0015331090828759424,0.0034596042,0.48656662251328053
S2_EVI_m04,0.0039112102325484085,0.002033348,0.4518106584388802
S2_EVI_m05,0.013128112493891031,0.025350677,0.6406074024344246
S2_EVI_m06,0.016502116618495575,0.042954605,1.062260984850493
S2_EVI_m07,0.011218097503914103,0.0018721377,0.0
S2_EVI_m08,0.00411012987331558,0.0,0.000637863349106537
S2_EVI_m09,0.015576757127931827,0.0,0.34697812274401596
S2_EVI_m10,0.014655252313389367,0.0034314704,1.82075010361628
S2_EVI_m11,0.00041629792382243347,0.0,0.00013644627508557156
S2_EVI_m12,0.0009362829797547649,0.0,0.4915578620236373
S2_NDMI_m01,0.0005492687327402885,0.0,0.15769653617470208
S2_NDMI_m02,0.00026382050694225733,0.0008614451,0.07811132561348402
S2_NDMI_m03,0.00024493318220317623,0.0,0.3954466747907347
S2_NDMI_m04,0.0016239342766447712,0.0,0.42434383118455077
S2_NDMI_m05,0.0013068729072855999,0.00044704828,0.008673402734346919
S2_NDMI_m06,0.015905438224271005,0.018245762,1.5739378226201957
S2_NDMI_m07,0.021391872176473956,0.008817155,1.0870709232562459
S2_NDMI_m08,0.010603493434667145,0.004497371,0.218259672081653
S2_NDMI_m09,0.023834153017055694,0.00050925335,0.312562103622418
S2_NDMI_m10,0.0278599687053025,0.017782388,0.5499610591475147
S2_NDMI_m11,0.0002910066802917637,0.0,0.0
S2_NDMI_m12,0.0005937646950196864,0.0,0.0011133491010310813
S2_NDVI_m01,0.0017964266460716446,0.0018341991,0.18030901996665558
S2_NDVI_m02,0.000651617519791968,0.0,0.03570704418203059
S2_NDVI_m03,0.0014193247052412374,0.00060327235,0.05556782316907838
S2_NDVI_m04,0.00830640947880784,0.006333663,0.27207653567931445
S2_NDVI_m05,0.009131579913069617,0.0016523385,0.8428015380208056
S2_NDVI_m06,0.009197038558689962,0.007606867,1.4552000467698287
S2_NDVI_m07,0.01889732917177681,0.0024281628,2.7899564724927646
S2_NDVI_m08,0.005578128613624912,0.0036579364,1.5075527830057154
S2_NDVI_m09,0.014970533099207825,0.002056671,0.14410648634152265
S2_NDVI_m10,0.01570518345258672,0.006951416,2.4100663043784385
S2_NDVI_m11,0.0011025861711894032,0.0,0.3920368301621277
S2_NDVI_m12,0.000505118557109119,0.0009737912,0.08196219600632165
S2_NDWI_m01,0.0013925517767215774,0.0011658609,0.43305108809426546
S2_NDWI_m02,0.0002422558022901925,0.0,0.0
S2_NDWI_m03,0.0026556765688087705,0.0,0.19982138543221142
S2_NDWI_m04,0.009657685746919472,0.008384233,0.4324159170074914
S2_NDWI_m05,0.01605873537187276,0.0017845624,2.0406583379750467
S2_NDWI_m06,0.0015182008882495832,0.00048682475,0.050318357697883856
S2_NDWI_m07,0.012539633333756009,0.0059694364,0.06434207736171753
S2_NDWI_m08,0.004788813056552521,0.0,0.5978939339150342
S2_NDWI_m09,0.010527623205340227,0.0,0.08885816529569142
S2_NDWI_m10,0.02079051875291314,0.006051532,0.5966831029867058
S2_NDWI_m11,0.0006272797732105738,0.0,0.0
S2_NDWI_m12,0.0009667325890608521,0.0,0.04664745879900167
S2_SAVI_m01,0.0019606995622875882,0.0021372198,0.5021049019327934
S2_SAVI_m02,0.0006747165396205062,0.0,0.0
S2_SAVI_m03,0.0028122441929221225,0.001797267,0.0930844641361911
S2_SAVI_m04,0.006397516469459065,0.013454453,0.2560590581988982
S2_SAVI_m05,0.012903454322438432,0.033717394,3.3206513234450465
S2_SAVI_m06,0.013418832435022449,0.019814966,2.9392052564595677
S2_SAVI_m07,0.015408354406296032,0.015190936,0.6783349972165095
S2_SAVI_m08,0.002461132566574259,0.00024197182,0.13236943646917684
S2_SAVI_m09,0.0266144133632466,0.00027247777,0.04501356860164601
S2_SAVI_m10,0.01705395054288897,0.0071148644,1.4549577766396877
S2_SAVI_m11,0.0012359048714119811,0.0007225322,0.001585249961727635
S2_SAVI_m12,0.001164874226431076,0.0,0.0
